--------------------------------------------------------
--  File created - Wednesday-March-29-2017   
--------------------------------------------------------
REM INSERTING into SCHOOLDB.ADMIN
SET DEFINE OFF;
Insert into SCHOOLDB.ADMIN (EID,USERNAME,FNAME,LNAME,PASSWORD,DOB) values ('1111','alby','Albus','Dumbledore','hogwarts',to_date('05/26/1984','MM/DD/YYYY'));
REM INSERTING into SCHOOLDB.COURSE
SET DEFINE OFF;
Insert into SCHOOLDB.COURSE (CID,TITLE,CREDITS,CLEVEL,DID) values ('CS401','Introduction To Computer Science','3','UG','CS');
Insert into SCHOOLDB.COURSE (CID,TITLE,CREDITS,CLEVEL,DID) values ('CS510','Database','3','PG','CS');
Insert into SCHOOLDB.COURSE (CID,TITLE,CREDITS,CLEVEL,DID) values ('CS515','Software Engineering','3','PG','CS');
Insert into SCHOOLDB.COURSE (CID,TITLE,CREDITS,CLEVEL,DID) values ('CS520','Internet Protocols','3','PG','CS');
Insert into SCHOOLDB.COURSE (CID,TITLE,CREDITS,CLEVEL,DID) values ('CS525','Independent Study',null,'PG','CS');
Insert into SCHOOLDB.COURSE (CID,TITLE,CREDITS,CLEVEL,DID) values ('CE420','VLSI','3','UG','ECE');
Insert into SCHOOLDB.COURSE (CID,TITLE,CREDITS,CLEVEL,DID) values ('CS402','Numerical Methods','3','UG','CS');
Insert into SCHOOLDB.COURSE (CID,TITLE,CREDITS,CLEVEL,DID) values ('CS505','Algorithms','3','PG','CS');
Insert into SCHOOLDB.COURSE (CID,TITLE,CREDITS,CLEVEL,DID) values ('CS521','Cloud Computing','3','PG','CS');
Insert into SCHOOLDB.COURSE (CID,TITLE,CREDITS,CLEVEL,DID) values ('CS530','Dev-Ops','3','PG','CS');
Insert into SCHOOLDB.COURSE (CID,TITLE,CREDITS,CLEVEL,DID) values ('CE421','VLSI II','3','UG','ECE');
REM INSERTING into SCHOOLDB.CREDITCOSTLIMITS
SET DEFINE OFF;
REM INSERTING into SCHOOLDB.GRADING
SET DEFINE OFF;
Insert into SCHOOLDB.GRADING (GRADE,GRADE_POINT) values ('A+',4.33);
Insert into SCHOOLDB.GRADING (GRADE,GRADE_POINT) values ('A',4);
Insert into SCHOOLDB.GRADING (GRADE,GRADE_POINT) values ('A-',3.67);
Insert into SCHOOLDB.GRADING (GRADE,GRADE_POINT) values ('B+',3.33);
Insert into SCHOOLDB.GRADING (GRADE,GRADE_POINT) values ('B',3);
Insert into SCHOOLDB.GRADING (GRADE,GRADE_POINT) values ('B-',2.67);
Insert into SCHOOLDB.GRADING (GRADE,GRADE_POINT) values ('C+',2.33);
Insert into SCHOOLDB.GRADING (GRADE,GRADE_POINT) values ('C',2);
Insert into SCHOOLDB.GRADING (GRADE,GRADE_POINT) values ('C-',1.67);
REM INSERTING into SCHOOLDB.OFFERS
SET DEFINE OFF;
REM INSERTING into SCHOOLDB.PENDING
SET DEFINE OFF;
REM INSERTING into SCHOOLDB.PRECONDITION
SET DEFINE OFF;
Insert into SCHOOLDB.PRECONDITION (PREREQID,PRE_CID,GPA,SPPERM) values ('1','CS401',null,null);
Insert into SCHOOLDB.PRECONDITION (PREREQID,PRE_CID,GPA,SPPERM) values ('2',null,'3.5',null);
Insert into SCHOOLDB.PRECONDITION (PREREQID,PRE_CID,GPA,SPPERM) values ('3','CS520',null,null);
Insert into SCHOOLDB.PRECONDITION (PREREQID,PRE_CID,GPA,SPPERM) values ('4','CS515',null,null);
Insert into SCHOOLDB.PRECONDITION (PREREQID,PRE_CID,GPA,SPPERM) values ('5','CE420',null,null);
Insert into SCHOOLDB.PRECONDITION (PREREQID,PRE_CID,GPA,SPPERM) values ('6',null,null,'ADMIN');
REM INSERTING into SCHOOLDB.REQUIRES
SET DEFINE OFF;
Insert into SCHOOLDB.REQUIRES (CID,REQUIRES,PREREQID) values ('CS402','ALL','1');
Insert into SCHOOLDB.REQUIRES (CID,REQUIRES,PREREQID) values ('CS521','ALL','2');
Insert into SCHOOLDB.REQUIRES (CID,REQUIRES,PREREQID) values ('CS521','ALL','3');
Insert into SCHOOLDB.REQUIRES (CID,REQUIRES,PREREQID) values ('CS530','ALL','4');
Insert into SCHOOLDB.REQUIRES (CID,REQUIRES,PREREQID) values ('CE421','ALL','5');
REM INSERTING into SCHOOLDB.SEMESTER
SET DEFINE OFF;
REM INSERTING into SCHOOLDB.STUDENT
SET DEFINE OFF;
Insert into SCHOOLDB.STUDENT (SID,LNAME,FNAME,EMAIL,PWD,GPA,SLEVEL,BILL,DID,RESIDENCY,UNAME,DOB,CREDITS) values ('101','Potter','Harry',null,'password',null,'UG','1200','ECE','In-State','username',to_date('01/12/1990','MM/DD/YYYY'),3);
Insert into SCHOOLDB.STUDENT (SID,LNAME,FNAME,EMAIL,PWD,GPA,SLEVEL,BILL,DID,RESIDENCY,UNAME,DOB,CREDITS) values ('102','Granger','Hermione',null,'password',null,'PG','0',null,'In-State','username',to_date('04/16/1989','MM/DD/YYYY'),6);
Insert into SCHOOLDB.STUDENT (SID,LNAME,FNAME,EMAIL,PWD,GPA,SLEVEL,BILL,DID,RESIDENCY,UNAME,DOB,CREDITS) values ('103','Weasley','Ron',null,'password',null,'PG','0',null,'Out of State','username',to_date('12/19/1991','MM/DD/YYYY'),9);
Insert into SCHOOLDB.STUDENT (SID,LNAME,FNAME,EMAIL,PWD,GPA,SLEVEL,BILL,DID,RESIDENCY,UNAME,DOB,CREDITS) values ('104','Malfoy','Draco',null,'password',null,'PG','0',null,'International','username',to_date('03/21/1992','MM/DD/YYYY'),9);
REM INSERTING into SCHOOLDB.TAKES
SET DEFINE OFF;
Insert into SCHOOLDB.TAKES (SID,CID,GRADE,CREDITS) values ('101','CE420','A',3);
Insert into SCHOOLDB.TAKES (SID,CID,GRADE,CREDITS) values ('102','CS510','B+',3);
Insert into SCHOOLDB.TAKES (SID,CID,GRADE,CREDITS) values ('102','CS515','B+',3);
Insert into SCHOOLDB.TAKES (SID,CID,GRADE,CREDITS) values ('103','CS515','A',3);
Insert into SCHOOLDB.TAKES (SID,CID,GRADE,CREDITS) values ('103','CS520','A-',3);
Insert into SCHOOLDB.TAKES (SID,CID,GRADE,CREDITS) values ('103','CS530','A+',3);
Insert into SCHOOLDB.TAKES (SID,CID,GRADE,CREDITS) values ('104','CS510','A',3);
Insert into SCHOOLDB.TAKES (SID,CID,GRADE,CREDITS) values ('104','CS515','B+',3);
Insert into SCHOOLDB.TAKES (SID,CID,GRADE,CREDITS) values ('104','CS525','A+',3);
REM INSERTING into SCHOOLDB.WAITLIST
SET DEFINE OFF;
REM INSERTING into SCHOOLDB.WAITLISTING
SET DEFINE OFF;
