--------------------------------------------------------
--  File created - Saturday-April-01-2017   
--------------------------------------------------------
REM INSERTING into SCHOOLDB.ADMIN
SET DEFINE OFF;
Insert into SCHOOLDB.ADMIN (EID,USERNAME,FNAME,LNAME,PASSWORD,DOB) values ('1111','alby','Albus','Dumbledore','hogwarts',to_date('05/26/1984','MM/DD/YYYY'));
REM INSERTING into SCHOOLDB.COURSE
SET DEFINE OFF;
Insert into SCHOOLDB.COURSE (CID,TITLE,CREDITS,CLEVEL,DID) values ('CS401','Introduction To Computer Science','3','UG','CS');
Insert into SCHOOLDB.COURSE (CID,TITLE,CREDITS,CLEVEL,DID) values ('CS510','Database','3','PG','CS');
Insert into SCHOOLDB.COURSE (CID,TITLE,CREDITS,CLEVEL,DID) values ('CS515','Software Engineering','3','PG','CS');
Insert into SCHOOLDB.COURSE (CID,TITLE,CREDITS,CLEVEL,DID) values ('CS520','Internet Protocols','3','PG','CS');
Insert into SCHOOLDB.COURSE (CID,TITLE,CREDITS,CLEVEL,DID) values ('CS525','Independent Study',null,'PG','CS');
Insert into SCHOOLDB.COURSE (CID,TITLE,CREDITS,CLEVEL,DID) values ('CE420','VLSI','3','UG','ECE');
Insert into SCHOOLDB.COURSE (CID,TITLE,CREDITS,CLEVEL,DID) values ('CS402','Numerical Methods','3','UG','CS');
Insert into SCHOOLDB.COURSE (CID,TITLE,CREDITS,CLEVEL,DID) values ('CS505','Algorithms','3','PG','CS');
Insert into SCHOOLDB.COURSE (CID,TITLE,CREDITS,CLEVEL,DID) values ('CS521','Cloud Computing','3','PG','CS');
Insert into SCHOOLDB.COURSE (CID,TITLE,CREDITS,CLEVEL,DID) values ('CS530','Dev-Ops','3','PG','CS');
Insert into SCHOOLDB.COURSE (CID,TITLE,CREDITS,CLEVEL,DID) values ('CE421','VLSI II','3','UG','ECE');
REM INSERTING into SCHOOLDB.CREDITCOSTLIMITS
SET DEFINE OFF;
REM INSERTING into SCHOOLDB.GRADING
SET DEFINE OFF;
Insert into SCHOOLDB.GRADING (GRADE,GRADE_POINT) values ('A+',4.33);
Insert into SCHOOLDB.GRADING (GRADE,GRADE_POINT) values ('A',4);
Insert into SCHOOLDB.GRADING (GRADE,GRADE_POINT) values ('A-',3.67);
Insert into SCHOOLDB.GRADING (GRADE,GRADE_POINT) values ('B+',3.33);
Insert into SCHOOLDB.GRADING (GRADE,GRADE_POINT) values ('B',3);
Insert into SCHOOLDB.GRADING (GRADE,GRADE_POINT) values ('B-',2.67);
Insert into SCHOOLDB.GRADING (GRADE,GRADE_POINT) values ('C+',2.33);
Insert into SCHOOLDB.GRADING (GRADE,GRADE_POINT) values ('C',2);
Insert into SCHOOLDB.GRADING (GRADE,GRADE_POINT) values ('C-',1.67);
REM INSERTING into SCHOOLDB.OFFERS
SET DEFINE OFF;
Insert into SCHOOLDB.OFFERS (OFFERID,SCHEDULE,LOCATION,CID,SEMID,FID,CLASSSIZE,WAITSIZE) values ('1',null,null,'CS401','F2016',null,2,2);
Insert into SCHOOLDB.OFFERS (OFFERID,SCHEDULE,LOCATION,CID,SEMID,FID,CLASSSIZE,WAITSIZE) values ('2',null,null,'CS510','F2016',null,5,2);
Insert into SCHOOLDB.OFFERS (OFFERID,SCHEDULE,LOCATION,CID,SEMID,FID,CLASSSIZE,WAITSIZE) values ('3',null,null,'CS515','F2016',null,3,2);
Insert into SCHOOLDB.OFFERS (OFFERID,SCHEDULE,LOCATION,CID,SEMID,FID,CLASSSIZE,WAITSIZE) values ('4',null,null,'CS520','F2016',null,2,2);
Insert into SCHOOLDB.OFFERS (OFFERID,SCHEDULE,LOCATION,CID,SEMID,FID,CLASSSIZE,WAITSIZE) values ('5',null,null,'CS525','F2016',null,2,0);
Insert into SCHOOLDB.OFFERS (OFFERID,SCHEDULE,LOCATION,CID,SEMID,FID,CLASSSIZE,WAITSIZE) values ('6',null,null,'CE420','F2016',null,4,2);
Insert into SCHOOLDB.OFFERS (OFFERID,SCHEDULE,LOCATION,CID,SEMID,FID,CLASSSIZE,WAITSIZE) values ('7',null,null,'CS402','S2017',null,2,2);
Insert into SCHOOLDB.OFFERS (OFFERID,SCHEDULE,LOCATION,CID,SEMID,FID,CLASSSIZE,WAITSIZE) values ('8',null,null,'CS510','S2017',null,5,2);
Insert into SCHOOLDB.OFFERS (OFFERID,SCHEDULE,LOCATION,CID,SEMID,FID,CLASSSIZE,WAITSIZE) values ('9',null,null,'CS505','S2017',null,2,2);
Insert into SCHOOLDB.OFFERS (OFFERID,SCHEDULE,LOCATION,CID,SEMID,FID,CLASSSIZE,WAITSIZE) values ('10',null,null,'CS521','S2017',null,3,2);
Insert into SCHOOLDB.OFFERS (OFFERID,SCHEDULE,LOCATION,CID,SEMID,FID,CLASSSIZE,WAITSIZE) values ('11',null,null,'CS525','S2017',null,2,0);
Insert into SCHOOLDB.OFFERS (OFFERID,SCHEDULE,LOCATION,CID,SEMID,FID,CLASSSIZE,WAITSIZE) values ('12',null,null,'CS530','S2017',null,2,2);
Insert into SCHOOLDB.OFFERS (OFFERID,SCHEDULE,LOCATION,CID,SEMID,FID,CLASSSIZE,WAITSIZE) values ('13',null,null,'CS421','S2017',null,4,2);
Insert into SCHOOLDB.OFFERS (OFFERID,SCHEDULE,LOCATION,CID,SEMID,FID,CLASSSIZE,WAITSIZE) values ('14',null,null,'CS530','F2016',null,2,2);
REM INSERTING into SCHOOLDB.PRECONDITION
SET DEFINE OFF;
Insert into SCHOOLDB.PRECONDITION (PREREQID,PRE_CID,GPA,SPPERM) values ('1','CS401',null,null);
Insert into SCHOOLDB.PRECONDITION (PREREQID,PRE_CID,GPA,SPPERM) values ('2','CS520','3.5',null);
Insert into SCHOOLDB.PRECONDITION (PREREQID,PRE_CID,GPA,SPPERM) values ('3','CS515',null,null);
Insert into SCHOOLDB.PRECONDITION (PREREQID,PRE_CID,GPA,SPPERM) values ('4','CE420',null,null);
Insert into SCHOOLDB.PRECONDITION (PREREQID,PRE_CID,GPA,SPPERM) values ('5',null,null,'ADMIN');
REM INSERTING into SCHOOLDB.REQUIRES
SET DEFINE OFF;
Insert into SCHOOLDB.REQUIRES (CID,REQUIRES,PREREQID) values ('CS402','ALL','1');
Insert into SCHOOLDB.REQUIRES (CID,REQUIRES,PREREQID) values ('CS521','ALL','2');
Insert into SCHOOLDB.REQUIRES (CID,REQUIRES,PREREQID) values ('CS530','ALL','3');
Insert into SCHOOLDB.REQUIRES (CID,REQUIRES,PREREQID) values ('CE421','ALL','4');
REM INSERTING into SCHOOLDB.SEMESTER
SET DEFINE OFF;
Insert into SCHOOLDB.SEMESTER (SEMID,YEAR,DEADLINE,SEMESTER,IS_DEADLINE_ENFORCED) values ('F2016',2016,null,'Fall',1);
Insert into SCHOOLDB.SEMESTER (SEMID,YEAR,DEADLINE,SEMESTER,IS_DEADLINE_ENFORCED) values ('S2017',2017,null,'Spring',0);
REM INSERTING into SCHOOLDB.STUDENT
SET DEFINE OFF;
Insert into SCHOOLDB.STUDENT (SID,LNAME,FNAME,EMAIL,PWD,SLEVEL,BILL,DID,RESIDENCY,UNAME,DOB,CREDITS,GPA) values ('101','Potter','Harry',null,'password','UG','1200','ECE','In-State','username',to_date('01/12/1990','MM/DD/YYYY'),3,4);
Insert into SCHOOLDB.STUDENT (SID,LNAME,FNAME,EMAIL,PWD,SLEVEL,BILL,DID,RESIDENCY,UNAME,DOB,CREDITS,GPA) values ('102','Granger','Hermione',null,'password','PG','0',null,'In-State','username',to_date('04/16/1989','MM/DD/YYYY'),6,3.33);
Insert into SCHOOLDB.STUDENT (SID,LNAME,FNAME,EMAIL,PWD,SLEVEL,BILL,DID,RESIDENCY,UNAME,DOB,CREDITS,GPA) values ('103','Weasley','Ron',null,'password','PG','0',null,'Out of State','username',to_date('12/19/1991','MM/DD/YYYY'),9,4);
Insert into SCHOOLDB.STUDENT (SID,LNAME,FNAME,EMAIL,PWD,SLEVEL,BILL,DID,RESIDENCY,UNAME,DOB,CREDITS,GPA) values ('104','Malfoy','Draco',null,'password','PG','0',null,'International','username',to_date('03/21/1992','MM/DD/YYYY'),9,3.89);
REM INSERTING into SCHOOLDB.TAKES
SET DEFINE OFF;
Insert into SCHOOLDB.TAKES (SID,OFFERID,GRADE,CREDITS,STATUS) values ('101','6','A',3,'Confirmed');
Insert into SCHOOLDB.TAKES (SID,OFFERID,GRADE,CREDITS,STATUS) values ('102','2','B+',3,'Confirmed');
Insert into SCHOOLDB.TAKES (SID,OFFERID,GRADE,CREDITS,STATUS) values ('102','3','B+',3,'Confirmed');
Insert into SCHOOLDB.TAKES (SID,OFFERID,GRADE,CREDITS,STATUS) values ('103','3','A',3,'Confirmed');
Insert into SCHOOLDB.TAKES (SID,OFFERID,GRADE,CREDITS,STATUS) values ('103','4','A-',3,'Confirmed');
Insert into SCHOOLDB.TAKES (SID,OFFERID,GRADE,CREDITS,STATUS) values ('103','14','A+',3,'Confirmed');
Insert into SCHOOLDB.TAKES (SID,OFFERID,GRADE,CREDITS,STATUS) values ('104','2','A',3,'Confirmed');
Insert into SCHOOLDB.TAKES (SID,OFFERID,GRADE,CREDITS,STATUS) values ('104','3','B+',3,'Confirmed');
Insert into SCHOOLDB.TAKES (SID,OFFERID,GRADE,CREDITS,STATUS) values ('104','5','A+',3,'Confirmed');
REM INSERTING into SCHOOLDB.WAITLIST
SET DEFINE OFF;
