--------------------------------------------------------
--  File created - Monday-April-03-2017   
--------------------------------------------------------
REM INSERTING into BKMUKHEJ.ADMIN
SET DEFINE OFF;
Insert into BKMUKHEJ.ADMIN (EID,USERNAME,FNAME,LNAME,PASSWORD,DOB) values ('1111','alby','Albus','Dumbledore','hogwarts',to_date('05/26/1984','MM/DD/YYYY'));
REM INSERTING into BKMUKHEJ.COURSE
SET DEFINE OFF;
Insert into BKMUKHEJ.COURSE (CID,TITLE,CREDITS,CLEVEL,DID) values ('CS401','Introduction To Computer Science','3','UG','CS');
Insert into BKMUKHEJ.COURSE (CID,TITLE,CREDITS,CLEVEL,DID) values ('CS510','Database','3','PG','CS');
Insert into BKMUKHEJ.COURSE (CID,TITLE,CREDITS,CLEVEL,DID) values ('CS515','Software Engineering','3','PG','CS');
Insert into BKMUKHEJ.COURSE (CID,TITLE,CREDITS,CLEVEL,DID) values ('CS520','Internet Protocols','3','PG','CS');
Insert into BKMUKHEJ.COURSE (CID,TITLE,CREDITS,CLEVEL,DID) values ('CS525','Independent Study',null,'PG','CS');
Insert into BKMUKHEJ.COURSE (CID,TITLE,CREDITS,CLEVEL,DID) values ('CE420','VLSI','3','UG','ECE');
Insert into BKMUKHEJ.COURSE (CID,TITLE,CREDITS,CLEVEL,DID) values ('CS402','Numerical Methods','3','UG','CS');
Insert into BKMUKHEJ.COURSE (CID,TITLE,CREDITS,CLEVEL,DID) values ('CS505','Algorithms','3','PG','CS');
Insert into BKMUKHEJ.COURSE (CID,TITLE,CREDITS,CLEVEL,DID) values ('CS521','Cloud Computing','3','PG','CS');
Insert into BKMUKHEJ.COURSE (CID,TITLE,CREDITS,CLEVEL,DID) values ('CS530','Dev-Ops','3','PG','CS');
Insert into BKMUKHEJ.COURSE (CID,TITLE,CREDITS,CLEVEL,DID) values ('CE421','VLSI II','3','UG','ECE');
REM INSERTING into BKMUKHEJ.CREDITCOSTLIMITS
SET DEFINE OFF;
Insert into BKMUKHEJ.CREDITCOSTLIMITS (CLEVEL,RESIDENCY,COST_PER_CREDIT,MINCREDITS,MAXCREDITS) values ('PG','In State',500,0,9);
Insert into BKMUKHEJ.CREDITCOSTLIMITS (CLEVEL,RESIDENCY,COST_PER_CREDIT,MINCREDITS,MAXCREDITS) values ('PG','Out Of State',800,0,9);
Insert into BKMUKHEJ.CREDITCOSTLIMITS (CLEVEL,RESIDENCY,COST_PER_CREDIT,MINCREDITS,MAXCREDITS) values ('PG','International',1000,9,9);
Insert into BKMUKHEJ.CREDITCOSTLIMITS (CLEVEL,RESIDENCY,COST_PER_CREDIT,MINCREDITS,MAXCREDITS) values ('UG','In State',400,0,12);
Insert into BKMUKHEJ.CREDITCOSTLIMITS (CLEVEL,RESIDENCY,COST_PER_CREDIT,MINCREDITS,MAXCREDITS) values ('UG','Out Of State',700,0,12);
Insert into BKMUKHEJ.CREDITCOSTLIMITS (CLEVEL,RESIDENCY,COST_PER_CREDIT,MINCREDITS,MAXCREDITS) values ('UG','International',900,12,12);
REM INSERTING into BKMUKHEJ.GRADING
SET DEFINE OFF;
Insert into BKMUKHEJ.GRADING (GRADE,GRADE_POINT) values ('NULL',0);
Insert into BKMUKHEJ.GRADING (GRADE,GRADE_POINT) values ('A+',4.33);
Insert into BKMUKHEJ.GRADING (GRADE,GRADE_POINT) values ('A',4);
Insert into BKMUKHEJ.GRADING (GRADE,GRADE_POINT) values ('A-',3.67);
Insert into BKMUKHEJ.GRADING (GRADE,GRADE_POINT) values ('B+',3.33);
Insert into BKMUKHEJ.GRADING (GRADE,GRADE_POINT) values ('B',3);
Insert into BKMUKHEJ.GRADING (GRADE,GRADE_POINT) values ('B-',2.67);
Insert into BKMUKHEJ.GRADING (GRADE,GRADE_POINT) values ('C+',2.33);
Insert into BKMUKHEJ.GRADING (GRADE,GRADE_POINT) values ('C',2);
Insert into BKMUKHEJ.GRADING (GRADE,GRADE_POINT) values ('C-',1.67);
REM INSERTING into BKMUKHEJ.OFFERS
SET DEFINE OFF;
Insert into BKMUKHEJ.OFFERS (SCHEDULE,LOCATION,CID,SEMID,FID,CLASSSIZE,WAITSIZE,SESSIONID) values ('M,W 12:00PM-1:00PM',null,'CS401','F2016',null,2,2,'1');
Insert into BKMUKHEJ.OFFERS (SCHEDULE,LOCATION,CID,SEMID,FID,CLASSSIZE,WAITSIZE,SESSIONID) values ('Tu,Th 1:00PM-2:00PM',null,'CS510','F2016',null,5,2,'1');
Insert into BKMUKHEJ.OFFERS (SCHEDULE,LOCATION,CID,SEMID,FID,CLASSSIZE,WAITSIZE,SESSIONID) values ('Tu,Th 2:00PM-3:00PM',null,'CS515','F2016',null,3,2,'1');
Insert into BKMUKHEJ.OFFERS (SCHEDULE,LOCATION,CID,SEMID,FID,CLASSSIZE,WAITSIZE,SESSIONID) values ('M,W 11:00AM-12:00PM',null,'CS520','F2016',null,2,2,'1');
Insert into BKMUKHEJ.OFFERS (SCHEDULE,LOCATION,CID,SEMID,FID,CLASSSIZE,WAITSIZE,SESSIONID) values ('M,W 3:00PM-4:00PM',null,'CS525','F2016',null,2,0,'1');
Insert into BKMUKHEJ.OFFERS (SCHEDULE,LOCATION,CID,SEMID,FID,CLASSSIZE,WAITSIZE,SESSIONID) values ('F 3-5 PM',null,'CE420','F2016',null,4,2,'1');
Insert into BKMUKHEJ.OFFERS (SCHEDULE,LOCATION,CID,SEMID,FID,CLASSSIZE,WAITSIZE,SESSIONID) values ('M,W 11:00AM-12:00PM',null,'CS402','S2017',null,2,2,'1');
Insert into BKMUKHEJ.OFFERS (SCHEDULE,LOCATION,CID,SEMID,FID,CLASSSIZE,WAITSIZE,SESSIONID) values ('Tu,Th 1:00PM-2:00PM',null,'CS510','S2017',null,5,2,'1');
Insert into BKMUKHEJ.OFFERS (SCHEDULE,LOCATION,CID,SEMID,FID,CLASSSIZE,WAITSIZE,SESSIONID) values ('M,W 11:00AM-12:00PM',null,'CS505','S2017',null,2,2,'1');
Insert into BKMUKHEJ.OFFERS (SCHEDULE,LOCATION,CID,SEMID,FID,CLASSSIZE,WAITSIZE,SESSIONID) values ('Tu,Th 1:00PM-2:00PM',null,'CS521','S2017',null,3,2,'1');
Insert into BKMUKHEJ.OFFERS (SCHEDULE,LOCATION,CID,SEMID,FID,CLASSSIZE,WAITSIZE,SESSIONID) values ('M,W 2:00PM-3:00PM',null,'CS525','S2017',null,2,0,'1');
Insert into BKMUKHEJ.OFFERS (SCHEDULE,LOCATION,CID,SEMID,FID,CLASSSIZE,WAITSIZE,SESSIONID) values ('M,W 11:00AM-12:00PM',null,'CS530','S2017',null,2,2,'1');
Insert into BKMUKHEJ.OFFERS (SCHEDULE,LOCATION,CID,SEMID,FID,CLASSSIZE,WAITSIZE,SESSIONID) values ('Tu,Th 4:00PM-5:00PM',null,'CS421','S2017',null,4,2,'1');
REM INSERTING into BKMUKHEJ.PRECONDITION
SET DEFINE OFF;
Insert into BKMUKHEJ.PRECONDITION (CID,PRE_CID,GPA,SPPERM,PREREQ_GRADE) values ('CS505',null,null,'N',null);
Insert into BKMUKHEJ.PRECONDITION (CID,PRE_CID,GPA,SPPERM,PREREQ_GRADE) values ('CS510',null,null,'N',null);
Insert into BKMUKHEJ.PRECONDITION (CID,PRE_CID,GPA,SPPERM,PREREQ_GRADE) values ('CS401',null,null,'N',null);
Insert into BKMUKHEJ.PRECONDITION (CID,PRE_CID,GPA,SPPERM,PREREQ_GRADE) values ('CE420',null,null,'N',null);
Insert into BKMUKHEJ.PRECONDITION (CID,PRE_CID,GPA,SPPERM,PREREQ_GRADE) values ('CS515',null,null,'N',null);
Insert into BKMUKHEJ.PRECONDITION (CID,PRE_CID,GPA,SPPERM,PREREQ_GRADE) values ('CS520',null,null,'N',null);
Insert into BKMUKHEJ.PRECONDITION (CID,PRE_CID,GPA,SPPERM,PREREQ_GRADE) values ('CS402','CS401',null,'N',null);
Insert into BKMUKHEJ.PRECONDITION (CID,PRE_CID,GPA,SPPERM,PREREQ_GRADE) values ('CS521','CS520','3.5','N',null);
Insert into BKMUKHEJ.PRECONDITION (CID,PRE_CID,GPA,SPPERM,PREREQ_GRADE) values ('CS530','CS515',null,'N',null);
Insert into BKMUKHEJ.PRECONDITION (CID,PRE_CID,GPA,SPPERM,PREREQ_GRADE) values ('CE421','CE420',null,'N',null);
Insert into BKMUKHEJ.PRECONDITION (CID,PRE_CID,GPA,SPPERM,PREREQ_GRADE) values ('CS525',null,null,'Y',null);
REM INSERTING into BKMUKHEJ.SEMESTER
SET DEFINE OFF;
Insert into BKMUKHEJ.SEMESTER (SEMID,YEAR,DEADLINE,SEMESTER,IS_DEADLINE_ENFORCED) values ('F2016',2016,null,'Fall',0);
Insert into BKMUKHEJ.SEMESTER (SEMID,YEAR,DEADLINE,SEMESTER,IS_DEADLINE_ENFORCED) values ('S2017',2017,null,'Spring',0);
REM INSERTING into BKMUKHEJ.STUDENT
SET DEFINE OFF;
Insert into BKMUKHEJ.STUDENT (SID,LNAME,FNAME,EMAIL,PWD,SLEVEL,BILL,DID,RESIDENCY,UNAME,DOB,CREDITS,GPA,ADDRESS,PHONE_NUMBER) values ('101','Potter','Harry',null,'password','UG','1200','ECE','In State','101',to_date('01/12/1990','MM/DD/YYYY'),3,4,null,null);
Insert into BKMUKHEJ.STUDENT (SID,LNAME,FNAME,EMAIL,PWD,SLEVEL,BILL,DID,RESIDENCY,UNAME,DOB,CREDITS,GPA,ADDRESS,PHONE_NUMBER) values ('102','Granger','Hermione',null,'password','PG','0','CS','In State','102',to_date('04/16/1989','MM/DD/YYYY'),6,3.33,null,null);
Insert into BKMUKHEJ.STUDENT (SID,LNAME,FNAME,EMAIL,PWD,SLEVEL,BILL,DID,RESIDENCY,UNAME,DOB,CREDITS,GPA,ADDRESS,PHONE_NUMBER) values ('103','Weasley','Ron',null,'password','PG','0','CS','Out Of State','103',to_date('12/19/1991','MM/DD/YYYY'),6,3.84,null,null);
Insert into BKMUKHEJ.STUDENT (SID,LNAME,FNAME,EMAIL,PWD,SLEVEL,BILL,DID,RESIDENCY,UNAME,DOB,CREDITS,GPA,ADDRESS,PHONE_NUMBER) values ('104','Malfoy','Draco',null,'password','PG','0','CS','International','104',to_date('03/21/1992','MM/DD/YYYY'),9,3.89,null,null);
REM INSERTING into BKMUKHEJ.TAKES
SET DEFINE OFF;
Insert into BKMUKHEJ.TAKES (SID,GRADE,CREDITS,STATUS,SEMID,CID,SESSIONID) values ('101','A',3,'Graded','F2016','CE420','1');
Insert into BKMUKHEJ.TAKES (SID,GRADE,CREDITS,STATUS,SEMID,CID,SESSIONID) values ('102','B+',3,'Graded','F2016','CS510','1');
Insert into BKMUKHEJ.TAKES (SID,GRADE,CREDITS,STATUS,SEMID,CID,SESSIONID) values ('102','B+',3,'Graded','F2016','CS515','1');
Insert into BKMUKHEJ.TAKES (SID,GRADE,CREDITS,STATUS,SEMID,CID,SESSIONID) values ('103','A',3,'Graded','F2016','CS515','1');
Insert into BKMUKHEJ.TAKES (SID,GRADE,CREDITS,STATUS,SEMID,CID,SESSIONID) values ('103','A-',3,'Graded','F2016','CS520','1');
Insert into BKMUKHEJ.TAKES (SID,GRADE,CREDITS,STATUS,SEMID,CID,SESSIONID) values ('104','A',3,'Graded','F2016','CS510','1');
Insert into BKMUKHEJ.TAKES (SID,GRADE,CREDITS,STATUS,SEMID,CID,SESSIONID) values ('104','B+',3,'Graded','F2016','CS515','1');
Insert into BKMUKHEJ.TAKES (SID,GRADE,CREDITS,STATUS,SEMID,CID,SESSIONID) values ('104','A+',3,'Graded','F2016','CS525','1');
REM INSERTING into BKMUKHEJ.WAITLIST
SET DEFINE OFF;
